INSERT INTO  objtype (idobjtype,name,freedegree) VALUES (1,'Segment',4);
INSERT INTO  objtype (idobjtype,name,freedegree) VALUES (5,'Circle',3);
INSERT INTO  objtype (idobjtype,name,freedegree) VALUES (6,'Arc',5); 
INSERT INTO constrtype (idconstrtype,name,is_parametric) VALUES (0,'Fixed',0);
INSERT INTO constrtype (idconstrtype,name,is_parametric) VALUES (1,'Equal',0);
INSERT INTO constrtype (idconstrtype,name,is_parametric) VALUES (2,'Vertical',0);
INSERT INTO constrtype (idconstrtype,name,is_parametric) VALUES (3,'Horizontal',0);
INSERT INTO constrtype (idconstrtype,name,is_parametric) VALUES (4,'Distance',1);
INSERT INTO constrtype (idconstrtype,name,is_parametric) VALUES (5,'Angle',1);
INSERT INTO constrtype (idconstrtype,name,is_parametric) VALUES (6,'Parallel',0);
INSERT INTO constrtype (idconstrtype,name,is_parametric) VALUES (7,'Ortho',0);
INSERT INTO constrtype (idconstrtype,name,is_parametric) VALUES (8,'Tangent',0);
INSERT INTO constrtype (idconstrtype,name,is_parametric) VALUES (9,'Coincident',0);
INSERT INTO constrtype (idconstrtype,name,is_parametric) VALUES (10,'Midpoint',0);
INSERT INTO constrtype (idconstrtype,name,is_parametric) VALUES (11,'Collinear',0);
INSERT INTO constrtype (idconstrtype,name,is_parametric) VALUES (12,'Dimension',1);
INSERT INTO constrtype (idconstrtype,name,is_parametric) VALUES (13,'Symmetric',0);
INSERT INTO constrtype (idconstrtype,name,is_parametric) VALUES (14,'Concentric',0);
INSERT INTO constrtype (idconstrtype,name,is_parametric) VALUES (15,'Arcus',0);
INSERT INTO layer (idlayer) VALUES (2);
INSERT INTO entity (identity,layer) VALUES (1,2);
INSERT INTO point (idpoint,x,y) VALUES (1,-0.445219,0.170382);
INSERT INTO entity (identity,layer) VALUES (2,2);
INSERT INTO point (idpoint,x,y) VALUES (2,-0.445219,0.00307705);
INSERT INTO entity (identity,layer) VALUES (3,2);
INSERT INTO object (idobject, objtype)  VALUES (3,1);
INSERT INTO objpoints (idpoint,idobject) VALUES (2,3);
INSERT INTO objpoints (idpoint,idobject) VALUES (1,3);
INSERT INTO entity (identity,layer) VALUES (4,2);
INSERT INTO point (idpoint,x,y) VALUES (4,-0.445219,0.0867293);
INSERT INTO entity (identity,layer) VALUES (5,2);
INSERT INTO point (idpoint,x,y) VALUES (5,-0.37642,0.0867293);
INSERT INTO entity (identity,layer) VALUES (6,2);
INSERT INTO object (idobject, objtype)  VALUES (6,1);
INSERT INTO objpoints (idpoint,idobject) VALUES (5,6);
INSERT INTO objpoints (idpoint,idobject) VALUES (4,6);
INSERT INTO entity (identity,layer) VALUES (7,2);
INSERT INTO point (idpoint,x,y) VALUES (7,-0.445219,0.00307705);
INSERT INTO entity (identity,layer) VALUES (8,2);
INSERT INTO point (idpoint,x,y) VALUES (8,-0.37642,0.00307705);
INSERT INTO entity (identity,layer) VALUES (9,2);
INSERT INTO object (idobject, objtype)  VALUES (9,1);
INSERT INTO objpoints (idpoint,idobject) VALUES (8,9);
INSERT INTO objpoints (idpoint,idobject) VALUES (7,9);
INSERT INTO entity (identity,layer) VALUES (10,2);
INSERT INTO point (idpoint,x,y) VALUES (10,-0.445219,0.170382);
INSERT INTO entity (identity,layer) VALUES (11,2);
INSERT INTO point (idpoint,x,y) VALUES (11,-0.353784,0.170382);
INSERT INTO entity (identity,layer) VALUES (12,2);
INSERT INTO object (idobject, objtype)  VALUES (12,1);
INSERT INTO objpoints (idpoint,idobject) VALUES (11,12);
INSERT INTO objpoints (idpoint,idobject) VALUES (10,12);
INSERT INTO entity (identity,layer) VALUES (13,2);
INSERT INTO point (idpoint,x,y) VALUES (13,-0.2746,0.170382);
INSERT INTO entity (identity,layer) VALUES (14,2);
INSERT INTO point (idpoint,x,y) VALUES (14,-0.326636,0.00307705);
INSERT INTO entity (identity,layer) VALUES (15,2);
INSERT INTO object (idobject, objtype)  VALUES (15,1);
INSERT INTO objpoints (idpoint,idobject) VALUES (14,15);
INSERT INTO objpoints (idpoint,idobject) VALUES (13,15);
INSERT INTO entity (identity,layer) VALUES (16,2);
INSERT INTO point (idpoint,x,y) VALUES (16,-0.2746,0.170382);
INSERT INTO entity (identity,layer) VALUES (17,2);
INSERT INTO point (idpoint,x,y) VALUES (17,-0.24411,0.00307705);
INSERT INTO entity (identity,layer) VALUES (18,2);
INSERT INTO object (idobject, objtype)  VALUES (18,1);
INSERT INTO objpoints (idpoint,idobject) VALUES (17,18);
INSERT INTO objpoints (idpoint,idobject) VALUES (16,18);
INSERT INTO entity (identity,layer) VALUES (19,2);
INSERT INTO point (idpoint,x,y) VALUES (19,-0.0869832,0.170382);
INSERT INTO entity (identity,layer) VALUES (20,2);
INSERT INTO point (idpoint,x,y) VALUES (20,-0.0869832,0.00307705);
INSERT INTO layer (idlayer) VALUES (3);
INSERT INTO entity (identity,layer) VALUES (21,3);
INSERT INTO object (idobject, objtype)  VALUES (21,1);
INSERT INTO objpoints (idpoint,idobject) VALUES (20,21);
INSERT INTO objpoints (idpoint,idobject) VALUES (19,21);
INSERT INTO entity (identity,layer) VALUES (22,3);
INSERT INTO point (idpoint,x,y) VALUES (22,-0.0869832,0.0867293);
INSERT INTO entity (identity,layer) VALUES (23,3);
INSERT INTO point (idpoint,x,y) VALUES (23,-0.0205554,0.0867293);
INSERT INTO entity (identity,layer) VALUES (24,3);
INSERT INTO object (idobject, objtype)  VALUES (24,1);
INSERT INTO objpoints (idpoint,idobject) VALUES (23,24);
INSERT INTO objpoints (idpoint,idobject) VALUES (22,24);
INSERT INTO entity (identity,layer) VALUES (25,3);
INSERT INTO point (idpoint,x,y) VALUES (25,-0.0869832,0.00307705);
INSERT INTO entity (identity,layer) VALUES (26,3);
INSERT INTO point (idpoint,x,y) VALUES (26,-0.0205554,0.00307705);
INSERT INTO entity (identity,layer) VALUES (27,3);
INSERT INTO object (idobject, objtype)  VALUES (27,1);
INSERT INTO objpoints (idpoint,idobject) VALUES (26,27);
INSERT INTO objpoints (idpoint,idobject) VALUES (25,27);
INSERT INTO entity (identity,layer) VALUES (28,3);
INSERT INTO point (idpoint,x,y) VALUES (28,0.0423195,0.170382);
INSERT INTO entity (identity,layer) VALUES (29,3);
INSERT INTO point (idpoint,x,y) VALUES (29,0.0423195,0.00307705);
INSERT INTO entity (identity,layer) VALUES (30,3);
INSERT INTO object (idobject, objtype)  VALUES (30,1);
INSERT INTO objpoints (idpoint,idobject) VALUES (29,30);
INSERT INTO objpoints (idpoint,idobject) VALUES (28,30);
INSERT INTO entity (identity,layer) VALUES (31,3);
INSERT INTO point (idpoint,x,y) VALUES (31,0.241404,0.170382);
INSERT INTO entity (identity,layer) VALUES (32,3);
INSERT INTO point (idpoint,x,y) VALUES (32,0.181301,0.00307705);
INSERT INTO entity (identity,layer) VALUES (33,3);
INSERT INTO object (idobject, objtype)  VALUES (33,1);
INSERT INTO objpoints (idpoint,idobject) VALUES (32,33);
INSERT INTO objpoints (idpoint,idobject) VALUES (31,33);
INSERT INTO entity (identity,layer) VALUES (34,3);
INSERT INTO point (idpoint,x,y) VALUES (34,0.241404,0.170966);
INSERT INTO entity (identity,layer) VALUES (35,3);
INSERT INTO point (idpoint,x,y) VALUES (35,0.317887,0.00307705);
INSERT INTO entity (identity,layer) VALUES (36,3);
INSERT INTO object (idobject, objtype)  VALUES (36,1);
INSERT INTO objpoints (idpoint,idobject) VALUES (35,36);
INSERT INTO objpoints (idpoint,idobject) VALUES (34,36);
INSERT INTO entity (identity,layer) VALUES (37,3);
INSERT INTO point (idpoint,x,y) VALUES (37,0.130142,0.00307705);
INSERT INTO entity (identity,layer) VALUES (38,3);
INSERT INTO point (idpoint,x,y) VALUES (38,0.349154,0.00307705);
INSERT INTO entity (identity,layer) VALUES (39,3);
INSERT INTO object (idobject, objtype)  VALUES (39,1);
INSERT INTO objpoints (idpoint,idobject) VALUES (38,39);
INSERT INTO objpoints (idpoint,idobject) VALUES (37,39);
INSERT INTO entity (identity,layer) VALUES (40,3);
INSERT INTO point (idpoint,x,y) VALUES (40,0.349154,0.00307705);
INSERT INTO layer (idlayer) VALUES (4);
INSERT INTO entity (identity,layer) VALUES (41,4);
INSERT INTO point (idpoint,x,y) VALUES (41,0.335629,-0.0500043);
INSERT INTO entity (identity,layer) VALUES (42,4);
INSERT INTO object (idobject, objtype)  VALUES (42,1);
INSERT INTO objpoints (idpoint,idobject) VALUES (41,42);
INSERT INTO objpoints (idpoint,idobject) VALUES (40,42);
INSERT INTO entity (identity,layer) VALUES (43,4);
INSERT INTO point (idpoint,x,y) VALUES (43,0.130142,0.00307705);
INSERT INTO entity (identity,layer) VALUES (44,4);
INSERT INTO point (idpoint,x,y) VALUES (44,0.150639,-0.0536966);
INSERT INTO entity (identity,layer) VALUES (45,4);
INSERT INTO object (idobject, objtype)  VALUES (45,1);
INSERT INTO objpoints (idpoint,idobject) VALUES (44,45);
INSERT INTO objpoints (idpoint,idobject) VALUES (43,45);
INSERT INTO entity (identity,layer) VALUES (46,4);
INSERT INTO point (idpoint,x,y) VALUES (46,0.466046,0.170382);
INSERT INTO entity (identity,layer) VALUES (47,4);
INSERT INTO point (idpoint,x,y) VALUES (47,0.423622,0.00307705);
INSERT INTO entity (identity,layer) VALUES (48,4);
INSERT INTO object (idobject, objtype)  VALUES (48,1);
INSERT INTO objpoints (idpoint,idobject) VALUES (47,48);
INSERT INTO objpoints (idpoint,idobject) VALUES (46,48);
INSERT INTO entity (identity,layer) VALUES (49,4);
INSERT INTO point (idpoint,x,y) VALUES (49,0.466046,0.170382);
INSERT INTO entity (identity,layer) VALUES (50,4);
INSERT INTO point (idpoint,x,y) VALUES (50,0.514015,0.00307705);
INSERT INTO entity (identity,layer) VALUES (51,4);
INSERT INTO object (idobject, objtype)  VALUES (51,1);
INSERT INTO objpoints (idpoint,idobject) VALUES (50,51);
INSERT INTO objpoints (idpoint,idobject) VALUES (49,51);
INSERT INTO entity (identity,layer) VALUES (52,4);
INSERT INTO point (idpoint,x,y) VALUES (52,0.444834,0.0867293);
INSERT INTO entity (identity,layer) VALUES (53,4);
INSERT INTO point (idpoint,x,y) VALUES (53,0.486097,0.0867293);
INSERT INTO entity (identity,layer) VALUES (54,4);
INSERT INTO object (idobject, objtype)  VALUES (54,1);
INSERT INTO objpoints (idpoint,idobject) VALUES (53,54);
INSERT INTO objpoints (idpoint,idobject) VALUES (52,54);
INSERT INTO entity (identity,layer) VALUES (55,4);
INSERT INTO point (idpoint,x,y) VALUES (55,0.603298,0.171294);
INSERT INTO entity (identity,layer) VALUES (56,4);
INSERT INTO point (idpoint,x,y) VALUES (56,0.603298,0.00307705);
INSERT INTO entity (identity,layer) VALUES (57,4);
INSERT INTO object (idobject, objtype)  VALUES (57,1);
INSERT INTO objpoints (idpoint,idobject) VALUES (56,57);
INSERT INTO objpoints (idpoint,idobject) VALUES (55,57);
INSERT INTO entity (identity,layer) VALUES (58,4);
INSERT INTO point (idpoint,x,y) VALUES (58,0.603298,0.0871856);
INSERT INTO entity (identity,layer) VALUES (59,4);
INSERT INTO point (idpoint,x,y) VALUES (59,0.695696,0.0871856);
INSERT INTO entity (identity,layer) VALUES (60,4);
INSERT INTO object (idobject, objtype)  VALUES (60,1);
INSERT INTO objpoints (idpoint,idobject) VALUES (59,60);
INSERT INTO objpoints (idpoint,idobject) VALUES (58,60);
INSERT INTO layer (idlayer) VALUES (5);
INSERT INTO entity (identity,layer) VALUES (61,5);
INSERT INTO point (idpoint,x,y) VALUES (61,0.695527,0.17305);
INSERT INTO entity (identity,layer) VALUES (62,5);
INSERT INTO point (idpoint,x,y) VALUES (62,0.695872,-0.00199888);
INSERT INTO entity (identity,layer) VALUES (63,5);
INSERT INTO object (idobject, objtype)  VALUES (63,1);
INSERT INTO objpoints (idpoint,idobject) VALUES (62,63);
INSERT INTO objpoints (idpoint,idobject) VALUES (61,63);
INSERT INTO entity (identity,layer) VALUES (64,5);
INSERT INTO point (idpoint,x,y) VALUES (64,0.810469,0.170382);
INSERT INTO entity (identity,layer) VALUES (65,5);
INSERT INTO point (idpoint,x,y) VALUES (65,0.811244,0.00307705);
INSERT INTO entity (identity,layer) VALUES (66,5);
INSERT INTO object (idobject, objtype)  VALUES (66,1);
INSERT INTO objpoints (idpoint,idobject) VALUES (65,66);
INSERT INTO objpoints (idpoint,idobject) VALUES (64,66);
INSERT INTO entity (identity,layer) VALUES (67,5);
INSERT INTO point (idpoint,x,y) VALUES (67,0.810857,0.0867293);
INSERT INTO entity (identity,layer) VALUES (68,5);
INSERT INTO point (idpoint,x,y) VALUES (68,0.903255,0.0867293);
INSERT INTO entity (identity,layer) VALUES (69,5);
INSERT INTO object (idobject, objtype)  VALUES (69,1);
INSERT INTO objpoints (idpoint,idobject) VALUES (68,69);
INSERT INTO objpoints (idpoint,idobject) VALUES (67,69);
INSERT INTO entity (identity,layer) VALUES (70,5);
INSERT INTO point (idpoint,x,y) VALUES (70,0.903276,0.170382);
INSERT INTO entity (identity,layer) VALUES (71,5);
INSERT INTO point (idpoint,x,y) VALUES (71,0.903233,0.00307705);
INSERT INTO entity (identity,layer) VALUES (72,5);
INSERT INTO object (idobject, objtype)  VALUES (72,1);
INSERT INTO objpoints (idpoint,idobject) VALUES (71,72);
INSERT INTO objpoints (idpoint,idobject) VALUES (70,72);
INSERT INTO entity (identity,layer) VALUES (73,5);
INSERT INTO point (idpoint,x,y) VALUES (73,0.988581,0.174871);
INSERT INTO entity (identity,layer) VALUES (74,5);
INSERT INTO point (idpoint,x,y) VALUES (74,0.98812,0.0102941);
INSERT INTO entity (identity,layer) VALUES (75,5);
INSERT INTO object (idobject, objtype)  VALUES (75,1);
INSERT INTO objpoints (idpoint,idobject) VALUES (74,75);
INSERT INTO objpoints (idpoint,idobject) VALUES (73,75);
INSERT INTO entity (identity,layer) VALUES (76,5);
INSERT INTO point (idpoint,x,y) VALUES (76,0.988351,0.0925827);
INSERT INTO entity (identity,layer) VALUES (77,5);
INSERT INTO point (idpoint,x,y) VALUES (77,1.07567,0.0925827);
INSERT INTO entity (identity,layer) VALUES (78,5);
INSERT INTO object (idobject, objtype)  VALUES (78,1);
INSERT INTO objpoints (idpoint,idobject) VALUES (77,78);
INSERT INTO objpoints (idpoint,idobject) VALUES (76,78);
INSERT INTO entity (identity,layer) VALUES (79,5);
INSERT INTO point (idpoint,x,y) VALUES (79,0.98812,0.0102941);
INSERT INTO entity (identity,layer) VALUES (80,5);
INSERT INTO point (idpoint,x,y) VALUES (80,1.07544,0.0102941);
INSERT INTO layer (idlayer) VALUES (6);
INSERT INTO entity (identity,layer) VALUES (81,6);
INSERT INTO object (idobject, objtype)  VALUES (81,1);
INSERT INTO objpoints (idpoint,idobject) VALUES (80,81);
INSERT INTO objpoints (idpoint,idobject) VALUES (79,81);
INSERT INTO entity (identity,layer) VALUES (82,6);
INSERT INTO point (idpoint,x,y) VALUES (82,1.13407,0.174871);
INSERT INTO entity (identity,layer) VALUES (83,6);
INSERT INTO point (idpoint,x,y) VALUES (83,1.13407,0.0102939);
INSERT INTO entity (identity,layer) VALUES (84,6);
INSERT INTO object (idobject, objtype)  VALUES (84,1);
INSERT INTO objpoints (idpoint,idobject) VALUES (83,84);
INSERT INTO objpoints (idpoint,idobject) VALUES (82,84);
INSERT INTO entity (identity,layer) VALUES (85,6);
INSERT INTO point (idpoint,x,y) VALUES (85,1.20538,0.174871);
INSERT INTO entity (identity,layer) VALUES (86,6);
INSERT INTO point (idpoint,x,y) VALUES (86,1.31082,-0.000177149);
INSERT INTO entity (identity,layer) VALUES (87,6);
INSERT INTO object (idobject, objtype)  VALUES (87,1);
INSERT INTO objpoints (idpoint,idobject) VALUES (86,87);
INSERT INTO objpoints (idpoint,idobject) VALUES (85,87);
INSERT INTO entity (identity,layer) VALUES (88,6);
INSERT INTO point (idpoint,x,y) VALUES (88,1.30626,0.174913);
INSERT INTO entity (identity,layer) VALUES (89,6);
INSERT INTO point (idpoint,x,y) VALUES (89,1.18518,0.0102939);
INSERT INTO entity (identity,layer) VALUES (90,6);
INSERT INTO object (idobject, objtype)  VALUES (90,1);
INSERT INTO objpoints (idpoint,idobject) VALUES (89,90);
INSERT INTO objpoints (idpoint,idobject) VALUES (88,90);
INSERT INTO entity (identity,layer) VALUES (106,6);
INSERT INTO point (idpoint,x,y) VALUES (106,-0.300618,0.0867293);
INSERT INTO entity (identity,layer) VALUES (107,6);
INSERT INTO point (idpoint,x,y) VALUES (107,-0.259355,0.0867293);
INSERT INTO entity (identity,layer) VALUES (108,6);
INSERT INTO object (idobject, objtype)  VALUES (108,1);
INSERT INTO objpoints (idpoint,idobject) VALUES (107,108);
INSERT INTO objpoints (idpoint,idobject) VALUES (106,108);
INSERT INTO entity (identity,layer) VALUES (156,6);
INSERT INTO point (idpoint,x,y) VALUES (156,-0.376967,0.0427987);
INSERT INTO entity (identity,layer) VALUES (157,6);
INSERT INTO point (idpoint,x,y) VALUES (157,-0.37642,0.00307705);
INSERT INTO entity (identity,layer) VALUES (158,6);
INSERT INTO point (idpoint,x,y) VALUES (158,-0.37642,0.0867293);
INSERT INTO entity (identity,layer) VALUES (159,6);
INSERT INTO object (idobject, objtype)  VALUES (159,6);
INSERT INTO objpoints (idpoint,idobject) VALUES (158,159);
INSERT INTO objpoints (idpoint,idobject) VALUES (157,159);
INSERT INTO objpoints (idpoint,idobject) VALUES (156,159);
INSERT INTO entity (identity,layer) VALUES (161,6);
INSERT INTO point (idpoint,x,y) VALUES (161,-0.0248627,0.0447914);
INSERT INTO entity (identity,layer) VALUES (162,6);
INSERT INTO point (idpoint,x,y) VALUES (162,-0.0205554,0.00307705);
INSERT INTO entity (identity,layer) VALUES (163,6);
INSERT INTO point (idpoint,x,y) VALUES (163,-0.0205554,0.0867293);
INSERT INTO layer (idlayer) VALUES (7);
INSERT INTO entity (identity,layer) VALUES (164,7);
INSERT INTO object (idobject, objtype)  VALUES (164,6);
INSERT INTO objpoints (idpoint,idobject) VALUES (163,164);
INSERT INTO objpoints (idpoint,idobject) VALUES (162,164);
INSERT INTO objpoints (idpoint,idobject) VALUES (161,164);
INSERT INTO entity (identity,layer) VALUES (166,7);
INSERT INTO point (idpoint,x,y) VALUES (166,1.06654,0.0514466);
INSERT INTO entity (identity,layer) VALUES (167,7);
INSERT INTO point (idpoint,x,y) VALUES (167,1.07544,0.0102939);
INSERT INTO entity (identity,layer) VALUES (168,7);
INSERT INTO point (idpoint,x,y) VALUES (168,1.07567,0.0925826);
INSERT INTO entity (identity,layer) VALUES (169,7);
INSERT INTO object (idobject, objtype)  VALUES (169,6);
INSERT INTO objpoints (idpoint,idobject) VALUES (168,169);
INSERT INTO objpoints (idpoint,idobject) VALUES (167,169);
INSERT INTO objpoints (idpoint,idobject) VALUES (166,169);
INSERT INTO entity (identity,layer) VALUES (179,7);
INSERT INTO point (idpoint,x,y) VALUES (179,-0.196874,0.1304);
INSERT INTO entity (identity,layer) VALUES (180,7);
INSERT INTO point (idpoint,x,y) VALUES (180,-0.164179,0.088623);
INSERT INTO entity (identity,layer) VALUES (181,7);
INSERT INTO point (idpoint,x,y) VALUES (181,-0.173855,0.170382);
INSERT INTO entity (identity,layer) VALUES (182,7);
INSERT INTO object (idobject, objtype)  VALUES (182,6);
INSERT INTO objpoints (idpoint,idobject) VALUES (181,182);
INSERT INTO objpoints (idpoint,idobject) VALUES (180,182);
INSERT INTO objpoints (idpoint,idobject) VALUES (179,182);
INSERT INTO entity (identity,layer) VALUES (184,7);
INSERT INTO point (idpoint,x,y) VALUES (184,-0.199033,0.0486578);
INSERT INTO entity (identity,layer) VALUES (185,7);
INSERT INTO point (idpoint,x,y) VALUES (185,-0.1838,0.00307705);
INSERT INTO entity (identity,layer) VALUES (186,7);
INSERT INTO point (idpoint,x,y) VALUES (186,-0.164965,0.088623);
INSERT INTO entity (identity,layer) VALUES (187,7);
INSERT INTO object (idobject, objtype)  VALUES (187,6);
INSERT INTO objpoints (idpoint,idobject) VALUES (186,187);
INSERT INTO objpoints (idpoint,idobject) VALUES (185,187);
INSERT INTO objpoints (idpoint,idobject) VALUES (184,187);
INSERT INTO entity (identity,layer) VALUES (192,7);
INSERT INTO point (idpoint,x,y) VALUES (192,1.53821,0.0134759);
INSERT INTO entity (identity,layer) VALUES (193,7);
INSERT INTO point (idpoint,x,y) VALUES (193,1.66145,0.0134759);
INSERT INTO entity (identity,layer) VALUES (194,7);
INSERT INTO object (idobject, objtype)  VALUES (194,1);
INSERT INTO objpoints (idpoint,idobject) VALUES (193,194);
INSERT INTO objpoints (idpoint,idobject) VALUES (192,194);
INSERT INTO entity (identity,layer) VALUES (195,7);
INSERT INTO point (idpoint,x,y) VALUES (195,1.53821,0.0134759);
INSERT INTO entity (identity,layer) VALUES (196,7);
INSERT INTO point (idpoint,x,y) VALUES (196,1.60368,0.0899363);
INSERT INTO entity (identity,layer) VALUES (197,7);
INSERT INTO object (idobject, objtype)  VALUES (197,1);
INSERT INTO objpoints (idpoint,idobject) VALUES (196,197);
INSERT INTO objpoints (idpoint,idobject) VALUES (195,197);
INSERT INTO entity (identity,layer) VALUES (198,7);
INSERT INTO point (idpoint,x,y) VALUES (198,2.01926,0.00921374);
INSERT INTO layer (idlayer) VALUES (8);
INSERT INTO entity (identity,layer) VALUES (199,8);
INSERT INTO point (idpoint,x,y) VALUES (199,2.13752,0.00921374);
INSERT INTO entity (identity,layer) VALUES (200,8);
INSERT INTO object (idobject, objtype)  VALUES (200,1);
INSERT INTO objpoints (idpoint,idobject) VALUES (199,200);
INSERT INTO objpoints (idpoint,idobject) VALUES (198,200);
INSERT INTO entity (identity,layer) VALUES (201,8);
INSERT INTO point (idpoint,x,y) VALUES (201,2.01926,0.00921374);
INSERT INTO entity (identity,layer) VALUES (202,8);
INSERT INTO point (idpoint,x,y) VALUES (202,2.08785,0.089017);
INSERT INTO entity (identity,layer) VALUES (203,8);
INSERT INTO object (idobject, objtype)  VALUES (203,1);
INSERT INTO objpoints (idpoint,idobject) VALUES (202,203);
INSERT INTO objpoints (idpoint,idobject) VALUES (201,203);
INSERT INTO entity (identity,layer) VALUES (204,8);
INSERT INTO point (idpoint,x,y) VALUES (204,2.21021,0.116081);
INSERT INTO entity (identity,layer) VALUES (205,8);
INSERT INTO point (idpoint,x,y) VALUES (205,2.25242,0.174871);
INSERT INTO entity (identity,layer) VALUES (206,8);
INSERT INTO object (idobject, objtype)  VALUES (206,1);
INSERT INTO objpoints (idpoint,idobject) VALUES (205,206);
INSERT INTO objpoints (idpoint,idobject) VALUES (204,206);
INSERT INTO entity (identity,layer) VALUES (207,8);
INSERT INTO point (idpoint,x,y) VALUES (207,2.25242,0.174871);
INSERT INTO entity (identity,layer) VALUES (208,8);
INSERT INTO point (idpoint,x,y) VALUES (208,2.25242,0.0102939);
INSERT INTO entity (identity,layer) VALUES (209,8);
INSERT INTO object (idobject, objtype)  VALUES (209,1);
INSERT INTO objpoints (idpoint,idobject) VALUES (208,209);
INSERT INTO objpoints (idpoint,idobject) VALUES (207,209);
INSERT INTO entity (identity,layer) VALUES (220,8);
INSERT INTO point (idpoint,x,y) VALUES (220,1.51915,0.156285);
INSERT INTO entity (identity,layer) VALUES (221,8);
INSERT INTO point (idpoint,x,y) VALUES (221,1.60368,0.0899363);
INSERT INTO entity (identity,layer) VALUES (222,8);
INSERT INTO point (idpoint,x,y) VALUES (222,1.47653,0.225495);
INSERT INTO entity (identity,layer) VALUES (223,8);
INSERT INTO object (idobject, objtype)  VALUES (223,6);
INSERT INTO objpoints (idpoint,idobject) VALUES (222,223);
INSERT INTO objpoints (idpoint,idobject) VALUES (221,223);
INSERT INTO objpoints (idpoint,idobject) VALUES (220,223);
INSERT INTO entity (identity,layer) VALUES (225,8);
INSERT INTO point (idpoint,x,y) VALUES (225,1.98132,0.128368);
INSERT INTO entity (identity,layer) VALUES (226,8);
INSERT INTO point (idpoint,x,y) VALUES (226,2.08785,0.089017);
INSERT INTO entity (identity,layer) VALUES (227,8);
INSERT INTO point (idpoint,x,y) VALUES (227,1.88972,0.211965);
INSERT INTO entity (identity,layer) VALUES (228,8);
INSERT INTO object (idobject, objtype)  VALUES (228,6);
INSERT INTO objpoints (idpoint,idobject) VALUES (227,228);
INSERT INTO objpoints (idpoint,idobject) VALUES (226,228);
INSERT INTO objpoints (idpoint,idobject) VALUES (225,228);
INSERT INTO entity (identity,layer) VALUES (237,8);
INSERT INTO point (idpoint,x,y) VALUES (237,1.76005,0.15012);
INSERT INTO layer (idlayer) VALUES (9);
INSERT INTO entity (identity,layer) VALUES (238,9);
INSERT INTO object (idobject, objtype)  VALUES (238,5);
INSERT INTO objpoints (idpoint,idobject) VALUES (237,238);
INSERT INTO entity (identity,layer) VALUES (239,9);
INSERT INTO point (idpoint,x,y) VALUES (239,0.967448,0.805123);
INSERT INTO entity (identity,layer) VALUES (240,9);
INSERT INTO object (idobject, objtype)  VALUES (240,5);
INSERT INTO objpoints (idpoint,idobject) VALUES (239,240);
INSERT INTO entity (identity,layer) VALUES (241,9);
INSERT INTO point (idpoint,x,y) VALUES (241,0.967448,0.805123);
INSERT INTO entity (identity,layer) VALUES (242,9);
INSERT INTO object (idobject, objtype)  VALUES (242,5);
INSERT INTO objpoints (idpoint,idobject) VALUES (241,242);
INSERT INTO entity (identity,layer) VALUES (243,9);
INSERT INTO point (idpoint,x,y) VALUES (243,1.17022,0.499243);
INSERT INTO entity (identity,layer) VALUES (244,9);
INSERT INTO object (idobject, objtype)  VALUES (244,5);
INSERT INTO objpoints (idpoint,idobject) VALUES (243,244);
INSERT INTO entity (identity,layer) VALUES (245,9);
INSERT INTO point (idpoint,x,y) VALUES (245,1.14273,0.337711);
INSERT INTO entity (identity,layer) VALUES (246,9);
INSERT INTO object (idobject, objtype)  VALUES (246,5);
INSERT INTO objpoints (idpoint,idobject) VALUES (245,246);
INSERT INTO entity (identity,layer) VALUES (247,9);
INSERT INTO constr (idconstraint,constrtype) VALUES (247,3);
INSERT INTO constrinfo (idconstraint,identity) VALUES(247,12);
INSERT INTO entity (identity,layer) VALUES (248,9);
INSERT INTO constr (idconstraint,constrtype) VALUES (248,3);
INSERT INTO constrinfo (idconstraint,identity) VALUES(248,6);
INSERT INTO entity (identity,layer) VALUES (249,9);
INSERT INTO constr (idconstraint,constrtype) VALUES (249,3);
INSERT INTO constrinfo (idconstraint,identity) VALUES(249,9);
INSERT INTO entity (identity,layer) VALUES (250,9);
INSERT INTO constr (idconstraint,constrtype) VALUES (250,3);
INSERT INTO constrinfo (idconstraint,identity) VALUES(250,108);
INSERT INTO entity (identity,layer) VALUES (251,9);
INSERT INTO constr (idconstraint,constrtype) VALUES (251,3);
INSERT INTO constrinfo (idconstraint,identity) VALUES(251,24);
INSERT INTO entity (identity,layer) VALUES (252,9);
INSERT INTO constr (idconstraint,constrtype) VALUES (252,3);
INSERT INTO constrinfo (idconstraint,identity) VALUES(252,27);
INSERT INTO entity (identity,layer) VALUES (253,9);
INSERT INTO constr (idconstraint,constrtype) VALUES (253,2);
INSERT INTO constrinfo (idconstraint,identity) VALUES(253,3);
INSERT INTO entity (identity,layer) VALUES (254,9);
INSERT INTO constr (idconstraint,constrtype) VALUES (254,2);
INSERT INTO constrinfo (idconstraint,identity) VALUES(254,21);
INSERT INTO entity (identity,layer) VALUES (255,9);
INSERT INTO constr (idconstraint,constrtype) VALUES (255,2);
INSERT INTO constrinfo (idconstraint,identity) VALUES(255,30);
INSERT INTO entity (identity,layer) VALUES (256,9);
INSERT INTO constr (idconstraint,constrtype) VALUES (256,3);
INSERT INTO constrinfo (idconstraint,identity) VALUES(256,39);
INSERT INTO entity (identity,layer) VALUES (257,9);
INSERT INTO constr (idconstraint,constrtype) VALUES (257,3);
INSERT INTO constrinfo (idconstraint,identity) VALUES(257,54);
INSERT INTO entity (identity,layer) VALUES (258,9);
INSERT INTO constr (idconstraint,constrtype) VALUES (258,10);
INSERT INTO constrinfo (idconstraint,identity) VALUES(258,3);
INSERT INTO constrinfo (idconstraint,identity) VALUES(258,4);
INSERT INTO entity (identity,layer) VALUES (259,9);
INSERT INTO constr (idconstraint,constrtype) VALUES (259,9);
INSERT INTO constrinfo (idconstraint,identity) VALUES(259,2);
INSERT INTO constrinfo (idconstraint,identity) VALUES(259,7);
INSERT INTO entity (identity,layer) VALUES (260,9);
INSERT INTO constr (idconstraint,constrtype) VALUES (260,9);
INSERT INTO constrinfo (idconstraint,identity) VALUES(260,1);
INSERT INTO constrinfo (idconstraint,identity) VALUES(260,10);
INSERT INTO entity (identity,layer) VALUES (261,9);
INSERT INTO constr (idconstraint,constrtype) VALUES (261,9);
INSERT INTO constrinfo (idconstraint,identity) VALUES(261,5);
INSERT INTO constrinfo (idconstraint,identity) VALUES(261,158);
INSERT INTO entity (identity,layer) VALUES (262,9);
INSERT INTO constr (idconstraint,constrtype) VALUES (262,9);
INSERT INTO constrinfo (idconstraint,identity) VALUES(262,8);
INSERT INTO constrinfo (idconstraint,identity) VALUES(262,157);
INSERT INTO entity (identity,layer) VALUES (263,9);
INSERT INTO constr (idconstraint,constrtype) VALUES (263,1);
INSERT INTO constrinfo (idconstraint,identity) VALUES(263,6);
INSERT INTO constrinfo (idconstraint,identity) VALUES(263,9);
INSERT INTO entity (identity,layer) VALUES (264,9);
INSERT INTO constr (idconstraint,constrtype) VALUES (264,9);
INSERT INTO constrinfo (idconstraint,identity) VALUES(264,9);
INSERT INTO constrinfo (idconstraint,identity) VALUES(264,14);
INSERT INTO entity (identity,layer) VALUES (265,9);
INSERT INTO constr (idconstraint,constrtype) VALUES (265,9);
INSERT INTO constrinfo (idconstraint,identity) VALUES(265,9);
INSERT INTO constrinfo (idconstraint,identity) VALUES(265,17);
INSERT INTO entity (identity,layer) VALUES (266,9);
INSERT INTO constr (idconstraint,constrtype) VALUES (266,10);
INSERT INTO constrinfo (idconstraint,identity) VALUES(266,15);
INSERT INTO constrinfo (idconstraint,identity) VALUES(266,106);
INSERT INTO entity (identity,layer) VALUES (267,9);
INSERT INTO constr (idconstraint,constrtype) VALUES (267,9);
INSERT INTO constrinfo (idconstraint,identity) VALUES(267,12);
INSERT INTO constrinfo (idconstraint,identity) VALUES(267,13);
INSERT INTO entity (identity,layer) VALUES (268,9);
INSERT INTO constr (idconstraint,constrtype) VALUES (268,10);
INSERT INTO constrinfo (idconstraint,identity) VALUES(268,18);
INSERT INTO constrinfo (idconstraint,identity) VALUES(268,107);
INSERT INTO entity (identity,layer) VALUES (269,9);
INSERT INTO constr (idconstraint,constrtype) VALUES (269,9);
INSERT INTO constrinfo (idconstraint,identity) VALUES(269,13);
INSERT INTO constrinfo (idconstraint,identity) VALUES(269,16);
INSERT INTO entity (identity,layer) VALUES (270,9);
INSERT INTO constr (idconstraint,constrtype) VALUES (270,9);
INSERT INTO constrinfo (idconstraint,identity) VALUES(270,12);
INSERT INTO constrinfo (idconstraint,identity) VALUES(270,181);
INSERT INTO entity (identity,layer) VALUES (271,9);
INSERT INTO constr (idconstraint,constrtype) VALUES (271,9);
INSERT INTO constrinfo (idconstraint,identity) VALUES(271,9);
INSERT INTO constrinfo (idconstraint,identity) VALUES(271,185);
INSERT INTO entity (identity,layer) VALUES (272,9);
INSERT INTO constr (idconstraint,constrtype) VALUES (272,9);
INSERT INTO constrinfo (idconstraint,identity) VALUES(272,12);
INSERT INTO constrinfo (idconstraint,identity) VALUES(272,19);
INSERT INTO entity (identity,layer) VALUES (273,9);
INSERT INTO constr (idconstraint,constrtype) VALUES (273,10);
INSERT INTO constrinfo (idconstraint,identity) VALUES(273,21);
INSERT INTO constrinfo (idconstraint,identity) VALUES(273,22);
INSERT INTO entity (identity,layer) VALUES (274,9);
INSERT INTO constr (idconstraint,constrtype) VALUES (274,9);
INSERT INTO constrinfo (idconstraint,identity) VALUES(274,9);
INSERT INTO constrinfo (idconstraint,identity) VALUES(274,20);
INSERT INTO entity (identity,layer) VALUES (275,9);
INSERT INTO constr (idconstraint,constrtype) VALUES (275,9);
INSERT INTO constrinfo (idconstraint,identity) VALUES(275,20);
INSERT INTO constrinfo (idconstraint,identity) VALUES(275,25);
INSERT INTO entity (identity,layer) VALUES (276,9);
INSERT INTO constr (idconstraint,constrtype) VALUES (276,1);
INSERT INTO constrinfo (idconstraint,identity) VALUES(276,24);
INSERT INTO constrinfo (idconstraint,identity) VALUES(276,27);
INSERT INTO entity (identity,layer) VALUES (277,9);
INSERT INTO constr (idconstraint,constrtype) VALUES (277,9);
INSERT INTO constrinfo (idconstraint,identity) VALUES(277,23);
INSERT INTO constrinfo (idconstraint,identity) VALUES(277,163);
INSERT INTO entity (identity,layer) VALUES (278,9);
INSERT INTO constr (idconstraint,constrtype) VALUES (278,9);
INSERT INTO constrinfo (idconstraint,identity) VALUES(278,26);
INSERT INTO constrinfo (idconstraint,identity) VALUES(278,162);
INSERT INTO entity (identity,layer) VALUES (279,9);
INSERT INTO constr (idconstraint,constrtype) VALUES (279,8);
INSERT INTO constrinfo (idconstraint,identity) VALUES(279,24);
INSERT INTO constrinfo (idconstraint,identity) VALUES(279,164);
INSERT INTO entity (identity,layer) VALUES (280,9);
INSERT INTO constr (idconstraint,constrtype) VALUES (280,9);
INSERT INTO constrinfo (idconstraint,identity) VALUES(280,27);
INSERT INTO constrinfo (idconstraint,identity) VALUES(280,29);
INSERT INTO entity (identity,layer) VALUES (281,9);
INSERT INTO constr (idconstraint,constrtype) VALUES (281,9);
INSERT INTO constrinfo (idconstraint,identity) VALUES(281,12);
INSERT INTO constrinfo (idconstraint,identity) VALUES(281,28);
INSERT INTO entity (identity,layer) VALUES (282,9);
INSERT INTO constr (idconstraint,constrtype) VALUES (282,9);
INSERT INTO constrinfo (idconstraint,identity) VALUES(282,37);
INSERT INTO constrinfo (idconstraint,identity) VALUES(282,43);
INSERT INTO entity (identity,layer) VALUES (283,9);
INSERT INTO constr (idconstraint,constrtype) VALUES (283,9);
INSERT INTO constrinfo (idconstraint,identity) VALUES(283,38);
INSERT INTO constrinfo (idconstraint,identity) VALUES(283,40);
INSERT INTO entity (identity,layer) VALUES (284,9);
INSERT INTO constr (idconstraint,constrtype) VALUES (284,9);
INSERT INTO constrinfo (idconstraint,identity) VALUES(284,32);
INSERT INTO constrinfo (idconstraint,identity) VALUES(284,39);
INSERT INTO entity (identity,layer) VALUES (285,9);
INSERT INTO constr (idconstraint,constrtype) VALUES (285,9);
INSERT INTO constrinfo (idconstraint,identity) VALUES(285,9);
INSERT INTO constrinfo (idconstraint,identity) VALUES(285,43);
INSERT INTO entity (identity,layer) VALUES (286,9);
INSERT INTO constr (idconstraint,constrtype) VALUES (286,9);
INSERT INTO constrinfo (idconstraint,identity) VALUES(286,35);
INSERT INTO constrinfo (idconstraint,identity) VALUES(286,39);
INSERT INTO entity (identity,layer) VALUES (287,9);
INSERT INTO constr (idconstraint,constrtype) VALUES (287,9);
INSERT INTO constrinfo (idconstraint,identity) VALUES(287,12);
INSERT INTO constrinfo (idconstraint,identity) VALUES(287,31);
INSERT INTO entity (identity,layer) VALUES (289,9);
INSERT INTO constr (idconstraint,constrtype) VALUES (289,9);
INSERT INTO constrinfo (idconstraint,identity) VALUES(289,39);
INSERT INTO constrinfo (idconstraint,identity) VALUES(289,47);
INSERT INTO entity (identity,layer) VALUES (290,9);
INSERT INTO constr (idconstraint,constrtype) VALUES (290,10);
INSERT INTO constrinfo (idconstraint,identity) VALUES(290,48);
INSERT INTO constrinfo (idconstraint,identity) VALUES(290,52);
INSERT INTO entity (identity,layer) VALUES (291,9);
INSERT INTO constr (idconstraint,constrtype) VALUES (291,9);
INSERT INTO constrinfo (idconstraint,identity) VALUES(291,39);
INSERT INTO constrinfo (idconstraint,identity) VALUES(291,50);
INSERT INTO entity (identity,layer) VALUES (292,9);
INSERT INTO constr (idconstraint,constrtype) VALUES (292,9);
INSERT INTO constrinfo (idconstraint,identity) VALUES(292,12);
INSERT INTO constrinfo (idconstraint,identity) VALUES(292,46);
INSERT INTO entity (identity,layer) VALUES (293,9);
INSERT INTO constr (idconstraint,constrtype) VALUES (293,9);
INSERT INTO constrinfo (idconstraint,identity) VALUES(293,12);
INSERT INTO constrinfo (idconstraint,identity) VALUES(293,49);
INSERT INTO entity (identity,layer) VALUES (294,9);
INSERT INTO constr (idconstraint,constrtype) VALUES (294,9);
INSERT INTO constrinfo (idconstraint,identity) VALUES(294,46);
INSERT INTO constrinfo (idconstraint,identity) VALUES(294,49);
INSERT INTO entity (identity,layer) VALUES (295,9);
INSERT INTO constr (idconstraint,constrtype) VALUES (295,2);
INSERT INTO constrinfo (idconstraint,identity) VALUES(295,57);
INSERT INTO entity (identity,layer) VALUES (296,9);
INSERT INTO constr (idconstraint,constrtype) VALUES (296,6);
INSERT INTO constrinfo (idconstraint,identity) VALUES(296,57);
INSERT INTO constrinfo (idconstraint,identity) VALUES(296,63);
INSERT INTO entity (identity,layer) VALUES (297,9);
INSERT INTO constr (idconstraint,constrtype) VALUES (297,10);
INSERT INTO constrinfo (idconstraint,identity) VALUES(297,57);
INSERT INTO constrinfo (idconstraint,identity) VALUES(297,58);
INSERT INTO entity (identity,layer) VALUES (298,9);
INSERT INTO constr (idconstraint,constrtype) VALUES (298,3);
INSERT INTO constrinfo (idconstraint,identity) VALUES(298,60);
INSERT INTO entity (identity,layer) VALUES (299,9);
INSERT INTO constr (idconstraint,constrtype) VALUES (299,9);
INSERT INTO constrinfo (idconstraint,identity) VALUES(299,59);
INSERT INTO constrinfo (idconstraint,identity) VALUES(299,63);
INSERT INTO entity (identity,layer) VALUES (300,9);
INSERT INTO constr (idconstraint,constrtype) VALUES (300,6);
INSERT INTO constrinfo (idconstraint,identity) VALUES(300,63);
INSERT INTO constrinfo (idconstraint,identity) VALUES(300,66);
INSERT INTO entity (identity,layer) VALUES (301,9);
INSERT INTO constr (idconstraint,constrtype) VALUES (301,6);
INSERT INTO constrinfo (idconstraint,identity) VALUES(301,63);
INSERT INTO constrinfo (idconstraint,identity) VALUES(301,72);
INSERT INTO entity (identity,layer) VALUES (302,9);
INSERT INTO constr (idconstraint,constrtype) VALUES (302,9);
INSERT INTO constrinfo (idconstraint,identity) VALUES(302,39);
INSERT INTO constrinfo (idconstraint,identity) VALUES(302,56);
INSERT INTO entity (identity,layer) VALUES (304,9);
INSERT INTO constr (idconstraint,constrtype) VALUES (304,10);
INSERT INTO constrinfo (idconstraint,identity) VALUES(304,66);
INSERT INTO constrinfo (idconstraint,identity) VALUES(304,67);
INSERT INTO entity (identity,layer) VALUES (305,9);
INSERT INTO constr (idconstraint,constrtype) VALUES (305,3);
INSERT INTO constrinfo (idconstraint,identity) VALUES(305,69);
INSERT INTO entity (identity,layer) VALUES (306,9);
INSERT INTO constr (idconstraint,constrtype) VALUES (306,9);
INSERT INTO constrinfo (idconstraint,identity) VALUES(306,39);
INSERT INTO constrinfo (idconstraint,identity) VALUES(306,65);
INSERT INTO entity (identity,layer) VALUES (307,9);
INSERT INTO constr (idconstraint,constrtype) VALUES (307,9);
INSERT INTO constrinfo (idconstraint,identity) VALUES(307,12);
INSERT INTO constrinfo (idconstraint,identity) VALUES(307,70);
INSERT INTO entity (identity,layer) VALUES (308,9);
INSERT INTO constr (idconstraint,constrtype) VALUES (308,10);
INSERT INTO constrinfo (idconstraint,identity) VALUES(308,68);
INSERT INTO constrinfo (idconstraint,identity) VALUES(308,72);
INSERT INTO entity (identity,layer) VALUES (309,9);
INSERT INTO constr (idconstraint,constrtype) VALUES (309,9);
INSERT INTO constrinfo (idconstraint,identity) VALUES(309,39);
INSERT INTO constrinfo (idconstraint,identity) VALUES(309,71);
INSERT INTO entity (identity,layer) VALUES (310,9);
INSERT INTO constr (idconstraint,constrtype) VALUES (310,1);
INSERT INTO constrinfo (idconstraint,identity) VALUES(310,60);
INSERT INTO constrinfo (idconstraint,identity) VALUES(310,69);
INSERT INTO entity (identity,layer) VALUES (311,9);
INSERT INTO constr (idconstraint,constrtype) VALUES (311,1);
INSERT INTO constrinfo (idconstraint,identity) VALUES(311,54);
INSERT INTO constrinfo (idconstraint,identity) VALUES(311,108);
INSERT INTO entity (identity,layer) VALUES (288,9);
INSERT INTO constr (idconstraint,constrtype) VALUES (288,9);
INSERT INTO constrinfo (idconstraint,identity) VALUES(288,31);
INSERT INTO constrinfo (idconstraint,identity) VALUES(288,34);
INSERT INTO entity (identity,layer) VALUES (303,9);
INSERT INTO constr (idconstraint,constrtype) VALUES (303,14);
INSERT INTO constrinfo (idconstraint,identity) VALUES(303,240);
INSERT INTO constrinfo (idconstraint,identity) VALUES(303,242);
INSERT INTO entity (identity,layer) VALUES (312,9);
INSERT INTO constr (idconstraint,constrtype) VALUES (312,10);
INSERT INTO constrinfo (idconstraint,identity) VALUES(312,75);
INSERT INTO constrinfo (idconstraint,identity) VALUES(312,76);
INSERT INTO entity (identity,layer) VALUES (313,9);
INSERT INTO constr (idconstraint,constrtype) VALUES (313,9);
INSERT INTO constrinfo (idconstraint,identity) VALUES(313,74);
INSERT INTO constrinfo (idconstraint,identity) VALUES(313,79);
INSERT INTO entity (identity,layer) VALUES (314,9);
INSERT INTO constr (idconstraint,constrtype) VALUES (314,1);
INSERT INTO constrinfo (idconstraint,identity) VALUES(314,78);
INSERT INTO constrinfo (idconstraint,identity) VALUES(314,81);
INSERT INTO entity (identity,layer) VALUES (315,9);
INSERT INTO constr (idconstraint,constrtype) VALUES (315,3);
INSERT INTO constrinfo (idconstraint,identity) VALUES(315,78);
INSERT INTO entity (identity,layer) VALUES (316,9);
INSERT INTO constr (idconstraint,constrtype) VALUES (316,3);
INSERT INTO constrinfo (idconstraint,identity) VALUES(316,81);
INSERT INTO entity (identity,layer) VALUES (317,9);
INSERT INTO constr (idconstraint,constrtype) VALUES (317,2);
INSERT INTO constrinfo (idconstraint,identity) VALUES(317,84);
INSERT INTO entity (identity,layer) VALUES (318,9);
INSERT INTO constr (idconstraint,constrtype) VALUES (318,1);
INSERT INTO constrinfo (idconstraint,identity) VALUES(318,87);
INSERT INTO constrinfo (idconstraint,identity) VALUES(318,90);
INSERT INTO entity (identity,layer) VALUES (319,9);
INSERT INTO constr (idconstraint,constrtype) VALUES (319,6);
INSERT INTO constrinfo (idconstraint,identity) VALUES(319,197);
INSERT INTO constrinfo (idconstraint,identity) VALUES(319,203);
INSERT INTO entity (identity,layer) VALUES (320,9);
INSERT INTO constr (idconstraint,constrtype) VALUES (320,9);
INSERT INTO constrinfo (idconstraint,identity) VALUES(320,192);
INSERT INTO constrinfo (idconstraint,identity) VALUES(320,195);
INSERT INTO entity (identity,layer) VALUES (321,9);
INSERT INTO constr (idconstraint,constrtype) VALUES (321,9);
INSERT INTO constrinfo (idconstraint,identity) VALUES(321,196);
INSERT INTO constrinfo (idconstraint,identity) VALUES(321,221);
INSERT INTO entity (identity,layer) VALUES (322,9);
INSERT INTO constr (idconstraint,constrtype) VALUES (322,9);
INSERT INTO constrinfo (idconstraint,identity) VALUES(322,198);
INSERT INTO constrinfo (idconstraint,identity) VALUES(322,201);
INSERT INTO entity (identity,layer) VALUES (323,9);
INSERT INTO constr (idconstraint,constrtype) VALUES (323,9);
INSERT INTO constrinfo (idconstraint,identity) VALUES(323,202);
INSERT INTO constrinfo (idconstraint,identity) VALUES(323,226);
INSERT INTO entity (identity,layer) VALUES (326,9);
INSERT INTO constr (idconstraint,constrtype) VALUES (326,3);
INSERT INTO constrinfo (idconstraint,identity) VALUES(326,200);
INSERT INTO entity (identity,layer) VALUES (327,9);
INSERT INTO constr (idconstraint,constrtype) VALUES (327,3);
INSERT INTO constrinfo (idconstraint,identity) VALUES(327,194);
INSERT INTO entity (identity,layer) VALUES (324,9);
INSERT INTO constr (idconstraint,constrtype) VALUES (324,9);
INSERT INTO constrinfo (idconstraint,identity) VALUES(324,205);
INSERT INTO constrinfo (idconstraint,identity) VALUES(324,207);
INSERT INTO entity (identity,layer) VALUES (325,9);
INSERT INTO constr (idconstraint,constrtype) VALUES (325,2);
INSERT INTO constrinfo (idconstraint,identity) VALUES(325,209);

